{
  "debugFiles|debugSetting.main": false,
  "debugFiles|debugSetting.main@ModuleFontStyle": "Bold|Underline",
  "debugFiles|debugSetting.main@FunctionFontStyle": "Bold|Underline",
  "debugFiles|debugSetting.main@MessageFontStyle": "Underline",
  "debugFiles|debugSetting.main@DataFontStyle": "Bold",
  "debugFiles|debugSetting.main@ModuleFontColor": "White",
  "debugFiles|debugSetting.main@FunctionFontColor": "0,183,235",
  "debugFiles|debugSetting.main@MessageFontColor": "White",
  "debugFiles|debugSetting.main@DataFontColor": "0,183,235",
  "debugFiles|debugSetting.main@ModuleFontBackgroundColor": "25,25,112",
  "debugFiles|debugSetting.main@FunctionFontBackgroundColor": "Black",
  "debugFiles|debugSetting.main@MessageFontBackgroundColor": "25,25,112",
  "debugFiles|debugSetting.main@DataFontBackgroundColor": "Black",
  "debugFunctions|debugSetting.main.initFramework": false,
  "debugFunctions|debugSetting.main.initFramework@ModuleFontStyle": "Default",
  "debugFunctions|debugSetting.main.initFramework@FunctionFontStyle": "Default",
  "debugFunctions|debugSetting.main.initFramework@MessageFontStyle": "Default",
  "debugFunctions|debugSetting.main.initFramework@DataFontStyle": "Default",
  "debugFunctions|debugSetting.main.initFramework@ModuleFontColor": "Default",
  "debugFunctions|debugSetting.main.initFramework@FunctionFontColor": "Default",
  "debugFunctions|debugSetting.main.initFramework@MessageFontColor": "Default",
  "debugFunctions|debugSetting.main.initFramework@DataFontColor": "Default",
  "debugFunctions|debugSetting.main.initFramework@ModuleFontBackgroundColor": "Default",
  "debugFunctions|debugSetting.main.initFramework@FunctionFontBackgroundColor": "Default",
  "debugFunctions|debugSetting.main.initFramework@MessageFontBackgroundColor": "Default",
  "debugFunctions|debugSetting.main.initFramework@DataFontBackgroundColor": "Default",
  "debugFunctions|debugSetting.main.mergeClientBusinessRules": false,
  "debugFunctions|debugSetting.main.mergeClientBusinessRules@ModuleFontStyle": "Default",
  "debugFunctions|debugSetting.main.mergeClientBusinessRules@FunctionFontStyle": "Default",
  "debugFunctions|debugSetting.main.mergeClientBusinessRules@MessageFontStyle": "Default",
  "debugFunctions|debugSetting.main.mergeClientBusinessRules@DataFontStyle": "Default",
  "debugFunctions|debugSetting.main.mergeClientBusinessRules@ModuleFontColor": "Default",
  "debugFunctions|debugSetting.main.mergeClientBusinessRules@FunctionFontColor": "Default",
  "debugFunctions|debugSetting.main.mergeClientBusinessRules@MessageFontColor": "Default",
  "debugFunctions|debugSetting.main.mergeClientBusinessRules@DataFontColor": "Default",
  "debugFunctions|debugSetting.main.mergeClientBusinessRules@ModuleFontBackgroundColor": "Default",
  "debugFunctions|debugSetting.main.mergeClientBusinessRules@FunctionFontBackgroundColor": "Default",
  "debugFunctions|debugSetting.main.mergeClientBusinessRules@MessageFontBackgroundColor": "Default",
  "debugFunctions|debugSetting.main.mergeClientBusinessRules@DataFontBackgroundColor": "Default",
  "debugFunctions|debugSetting.main.mergeClientCommands": false,
  "debugFunctions|debugSetting.main.mergeClientCommands@ModuleFontStyle": "Default",
  "debugFunctions|debugSetting.main.mergeClientCommands@FunctionFontStyle": "Default",
  "debugFunctions|debugSetting.main.mergeClientCommands@MessageFontStyle": "Default",
  "debugFunctions|debugSetting.main.mergeClientCommands@DataFontStyle": "Default",
  "debugFunctions|debugSetting.main.mergeClientCommands@ModuleFontColor": "Default",
  "debugFunctions|debugSetting.main.mergeClientCommands@FunctionFontColor": "Default",
  "debugFunctions|debugSetting.main.mergeClientCommands@MessageFontColor": "Default",
  "debugFunctions|debugSetting.main.mergeClientCommands@DataFontColor": "Default",
  "debugFunctions|debugSetting.main.mergeClientCommands@ModuleFontBackgroundColor": "Default",
  "debugFunctions|debugSetting.main.mergeClientCommands@FunctionFontBackgroundColor": "Default",
  "debugFunctions|debugSetting.main.mergeClientCommands@MessageFontBackgroundColor": "Default",
  "debugFunctions|debugSetting.main.mergeClientCommands@DataFontBackgroundColor": "Default",
  "debugFunctions|debugSetting.main.loadCommandAliases": false,
  "debugFunctions|debugSetting.main.loadCommandAliases@ModuleFontStyle": "Default",
  "debugFunctions|debugSetting.main.loadCommandAliases@FunctionFontStyle": "Default",
  "debugFunctions|debugSetting.main.loadCommandAliases@MessageFontStyle": "Default",
  "debugFunctions|debugSetting.main.loadCommandAliases@DataFontStyle": "Default",
  "debugFunctions|debugSetting.main.loadCommandAliases@ModuleFontColor": "Default",
  "debugFunctions|debugSetting.main.loadCommandAliases@FunctionFontColor": "Default",
  "debugFunctions|debugSetting.main.loadCommandAliases@MessageFontColor": "Default",
  "debugFunctions|debugSetting.main.loadCommandAliases@DataFontColor": "Default",
  "debugFunctions|debugSetting.main.loadCommandAliases@ModuleFontBackgroundColor": "Default",
  "debugFunctions|debugSetting.main.loadCommandAliases@FunctionFontBackgroundColor": "Default",
  "debugFunctions|debugSetting.main.loadCommandAliases@MessageFontBackgroundColor": "Default",
  "debugFunctions|debugSetting.main.loadCommandAliases@DataFontBackgroundColor": "Default",
  "debugFunctions|debugSetting.main.loadCommandWorkflows": false,
  "debugFunctions|debugSetting.main.loadCommandWorkflows@ModuleFontStyle": "Default",
  "debugFunctions|debugSetting.main.loadCommandWorkflows@FunctionFontStyle": "Default",
  "debugFunctions|debugSetting.main.loadCommandWorkflows@MessageFontStyle": "Default",
  "debugFunctions|debugSetting.main.loadCommandWorkflows@DataFontStyle": "Default",
  "debugFunctions|debugSetting.main.loadCommandWorkflows@ModuleFontColor": "Default",
  "debugFunctions|debugSetting.main.loadCommandWorkflows@FunctionFontColor": "Default",
  "debugFunctions|debugSetting.main.loadCommandWorkflows@MessageFontColor": "Default",
  "debugFunctions|debugSetting.main.loadCommandWorkflows@DataFontColor": "Default",
  "debugFunctions|debugSetting.main.loadCommandWorkflows@ModuleFontBackgroundColor": "Default",
  "debugFunctions|debugSetting.main.loadCommandWorkflows@FunctionFontBackgroundColor": "Default",
  "debugFunctions|debugSetting.main.loadCommandWorkflows@MessageFontBackgroundColor": "Default",
  "debugFunctions|debugSetting.main.loadCommandWorkflows@DataFontBackgroundColor": "Default",
  "debugFunctions|debugSetting.main.executeBusinessRules": false,
  "debugFunctions|debugSetting.main.executeBusinessRules@ModuleFontStyle": "Default",
  "debugFunctions|debugSetting.main.executeBusinessRules@FunctionFontStyle": "Default",
  "debugFunctions|debugSetting.main.executeBusinessRules@MessageFontStyle": "Default",
  "debugFunctions|debugSetting.main.executeBusinessRules@DataFontStyle": "Default",
  "debugFunctions|debugSetting.main.executeBusinessRules@ModuleFontColor": "Default",
  "debugFunctions|debugSetting.main.executeBusinessRules@FunctionFontColor": "Default",
  "debugFunctions|debugSetting.main.executeBusinessRules@MessageFontColor": "Default",
  "debugFunctions|debugSetting.main.executeBusinessRules@DataFontColor": "Default",
  "debugFunctions|debugSetting.main.executeBusinessRules@ModuleFontBackgroundColor": "Default",
  "debugFunctions|debugSetting.main.executeBusinessRules@FunctionFontBackgroundColor": "Default",
  "debugFunctions|debugSetting.main.executeBusinessRules@MessageFontBackgroundColor": "Default",
  "debugFunctions|debugSetting.main.executeBusinessRules@DataFontBackgroundColor": "Default",
  "debugFunctions|debugSetting.main.enqueueCommand": false,
  "debugFunctions|debugSetting.main.enqueueCommand@ModuleFontStyle": "Default",
  "debugFunctions|debugSetting.main.enqueueCommand@FunctionFontStyle": "Default",
  "debugFunctions|debugSetting.main.enqueueCommand@MessageFontStyle": "Default",
  "debugFunctions|debugSetting.main.enqueueCommand@DataFontStyle": "Default",
  "debugFunctions|debugSetting.main.enqueueCommand@ModuleFontColor": "Default",
  "debugFunctions|debugSetting.main.enqueueCommand@FunctionFontColor": "Default",
  "debugFunctions|debugSetting.main.enqueueCommand@MessageFontColor": "Default",
  "debugFunctions|debugSetting.main.enqueueCommand@DataFontColor": "Default",
  "debugFunctions|debugSetting.main.enqueueCommand@ModuleFontBackgroundColor": "Default",
  "debugFunctions|debugSetting.main.enqueueCommand@FunctionFontBackgroundColor": "Default",
  "debugFunctions|debugSetting.main.enqueueCommand@MessageFontBackgroundColor": "Default",
  "debugFunctions|debugSetting.main.enqueueCommand@DataFontBackgroundColor": "Default",
  "debugFunctions|debugSetting.main.isCommandQueueEmpty": false,
  "debugFunctions|debugSetting.main.isCommandQueueEmpty@ModuleFontStyle": "Default",
  "debugFunctions|debugSetting.main.isCommandQueueEmpty@FunctionFontStyle": "Default",
  "debugFunctions|debugSetting.main.isCommandQueueEmpty@MessageFontStyle": "Default",
  "debugFunctions|debugSetting.main.isCommandQueueEmpty@DataFontStyle": "Default",
  "debugFunctions|debugSetting.main.isCommandQueueEmpty@ModuleFontColor": "Default",
  "debugFunctions|debugSetting.main.isCommandQueueEmpty@FunctionFontColor": "Default",
  "debugFunctions|debugSetting.main.isCommandQueueEmpty@MessageFontColor": "Default",
  "debugFunctions|debugSetting.main.isCommandQueueEmpty@DataFontColor": "Default",
  "debugFunctions|debugSetting.main.isCommandQueueEmpty@ModuleFontBackgroundColor": "Default",
  "debugFunctions|debugSetting.main.isCommandQueueEmpty@FunctionFontBackgroundColor": "Default",
  "debugFunctions|debugSetting.main.isCommandQueueEmpty@MessageFontBackgroundColor": "Default",
  "debugFunctions|debugSetting.main.isCommandQueueEmpty@DataFontBackgroundColor": "Default",
  "debugFunctions|debugSetting.main.processCommandQueue": false,
  "debugFunctions|debugSetting.main.processCommandQueue@ModuleFontStyle": "Default",
  "debugFunctions|debugSetting.main.processCommandQueue@FunctionFontStyle": "Default",
  "debugFunctions|debugSetting.main.processCommandQueue@MessageFontStyle": "Default",
  "debugFunctions|debugSetting.main.processCommandQueue@DataFontStyle": "Default",
  "debugFunctions|debugSetting.main.processCommandQueue@ModuleFontColor": "Default",
  "debugFunctions|debugSetting.main.processCommandQueue@FunctionFontColor": "Default",
  "debugFunctions|debugSetting.main.processCommandQueue@MessageFontColor": "Default",
  "debugFunctions|debugSetting.main.processCommandQueue@DataFontColor": "Default",
  "debugFunctions|debugSetting.main.processCommandQueue@ModuleFontBackgroundColor": "Default",
  "debugFunctions|debugSetting.main.processCommandQueue@FunctionFontBackgroundColor": "Default",
  "debugFunctions|debugSetting.main.processCommandQueue@MessageFontBackgroundColor": "Default",
  "debugFunctions|debugSetting.main.processCommandQueue@DataFontBackgroundColor": "Default",
  "debugFunctions|debugSetting.main.setConfigurationSetting": false,
  "debugFunctions|debugSetting.main.setConfigurationSetting@ModuleFontStyle": "Default",
  "debugFunctions|debugSetting.main.setConfigurationSetting@FunctionFontStyle": "Default",
  "debugFunctions|debugSetting.main.setConfigurationSetting@MessageFontStyle": "Default",
  "debugFunctions|debugSetting.main.setConfigurationSetting@DataFontStyle": "Default",
  "debugFunctions|debugSetting.main.setConfigurationSetting@ModuleFontColor": "Default",
  "debugFunctions|debugSetting.main.setConfigurationSetting@FunctionFontColor": "Default",
  "debugFunctions|debugSetting.main.setConfigurationSetting@MessageFontColor": "Default",
  "debugFunctions|debugSetting.main.setConfigurationSetting@DataFontColor": "Default",
  "debugFunctions|debugSetting.main.setConfigurationSetting@ModuleFontBackgroundColor": "Default",
  "debugFunctions|debugSetting.main.setConfigurationSetting@FunctionFontBackgroundColor": "Default",
  "debugFunctions|debugSetting.main.setConfigurationSetting@MessageFontBackgroundColor": "Default",
  "debugFunctions|debugSetting.main.setConfigurationSetting@DataFontBackgroundColor": "Default",
  "debugFunctions|debugSetting.main.getConfigurationSetting": false,
  "debugFunctions|debugSetting.main.getConfigurationSetting@ModuleFontStyle": "Default",
  "debugFunctions|debugSetting.main.getConfigurationSetting@FunctionFontStyle": "Default",
  "debugFunctions|debugSetting.main.getConfigurationSetting@MessageFontStyle": "Default",
  "debugFunctions|debugSetting.main.getConfigurationSetting@DataFontStyle": "Default",
  "debugFunctions|debugSetting.main.getConfigurationSetting@ModuleFontColor": "Default",
  "debugFunctions|debugSetting.main.getConfigurationSetting@FunctionFontColor": "Default",
  "debugFunctions|debugSetting.main.getConfigurationSetting@MessageFontColor": "Default",
  "debugFunctions|debugSetting.main.getConfigurationSetting@DataFontColor": "Default",
  "debugFunctions|debugSetting.main.getConfigurationSetting@ModuleFontBackgroundColor": "Default",
  "debugFunctions|debugSetting.main.getConfigurationSetting@FunctionFontBackgroundColor": "Default",
  "debugFunctions|debugSetting.main.getConfigurationSetting@MessageFontBackgroundColor": "Default",
  "debugFunctions|debugSetting.main.getConfigurationSetting@DataFontBackgroundColor": "Default"
}
