{
  "debugFiles|debugSetting.controllers.warden": false,
  "debugFiles|debugSetting.controllers.warden@ModuleFontStyle": "Bold|Underline",
  "debugFiles|debugSetting.controllers.warden@FunctionFontStyle": "Bold|Underline",
  "debugFiles|debugSetting.controllers.warden@MessageFontStyle": "Underline",
  "debugFiles|debugSetting.controllers.warden@DataFontStyle": "Bold",
  "debugFiles|debugSetting.controllers.warden@ModuleFontColor": "255,50,0",
  "debugFiles|debugSetting.controllers.warden@FunctionFontColor": "White",
  "debugFiles|debugSetting.controllers.warden@MessageFontColor": "255,50,0",
  "debugFiles|debugSetting.controllers.warden@DataFontColor": "White",
  "debugFiles|debugSetting.controllers.warden@ModuleFontBackgroundColor": "220,220,220",
  "debugFiles|debugSetting.controllers.warden@FunctionFontBackgroundColor": "Black",
  "debugFiles|debugSetting.controllers.warden@MessageFontBackgroundColor": "220,220,220",
  "debugFiles|debugSetting.controllers.warden@DataFontBackgroundColor": "Black",
  "debugFunctions|debugSetting.controllers.warden.initFrameworkSchema": false,
  "debugFunctions|debugSetting.controllers.warden.initFrameworkSchema@ModuleFontStyle": "Default",
  "debugFunctions|debugSetting.controllers.warden.initFrameworkSchema@FunctionFontStyle": "Default",
  "debugFunctions|debugSetting.controllers.warden.initFrameworkSchema@MessageFontStyle": "Default",
  "debugFunctions|debugSetting.controllers.warden.initFrameworkSchema@DataFontStyle": "Default",
  "debugFunctions|debugSetting.controllers.warden.initFrameworkSchema@ModuleFontColor": "Default",
  "debugFunctions|debugSetting.controllers.warden.initFrameworkSchema@FunctionFontColor": "Default",
  "debugFunctions|debugSetting.controllers.warden.initFrameworkSchema@MessageFontColor": "Default",
  "debugFunctions|debugSetting.controllers.warden.initFrameworkSchema@DataFontColor": "Default",
  "debugFunctions|debugSetting.controllers.warden.initFrameworkSchema@ModuleFontBackgroundColor": "Default",
  "debugFunctions|debugSetting.controllers.warden.initFrameworkSchema@FunctionFontBackgroundColor": "Default",
  "debugFunctions|debugSetting.controllers.warden.initFrameworkSchema@MessageFontBackgroundColor": "Default",
  "debugFunctions|debugSetting.controllers.warden.initFrameworkSchema@DataFontBackgroundColor": "Default",
  "debugFunctions|debugSetting.controllers.warden.mergeClientBusinessRules": false,
  "debugFunctions|debugSetting.controllers.warden.mergeClientBusinessRules@ModuleFontStyle": "Default",
  "debugFunctions|debugSetting.controllers.warden.mergeClientBusinessRules@FunctionFontStyle": "Default",
  "debugFunctions|debugSetting.controllers.warden.mergeClientBusinessRules@MessageFontStyle": "Default",
  "debugFunctions|debugSetting.controllers.warden.mergeClientBusinessRules@DataFontStyle": "Default",
  "debugFunctions|debugSetting.controllers.warden.mergeClientBusinessRules@ModuleFontColor": "Default",
  "debugFunctions|debugSetting.controllers.warden.mergeClientBusinessRules@FunctionFontColor": "Default",
  "debugFunctions|debugSetting.controllers.warden.mergeClientBusinessRules@MessageFontColor": "Default",
  "debugFunctions|debugSetting.controllers.warden.mergeClientBusinessRules@DataFontColor": "Default",
  "debugFunctions|debugSetting.controllers.warden.mergeClientBusinessRules@ModuleFontBackgroundColor": "Default",
  "debugFunctions|debugSetting.controllers.warden.mergeClientBusinessRules@FunctionFontBackgroundColor": "Default",
  "debugFunctions|debugSetting.controllers.warden.mergeClientBusinessRules@MessageFontBackgroundColor": "Default",
  "debugFunctions|debugSetting.controllers.warden.mergeClientBusinessRules@DataFontBackgroundColor": "Default",
  "debugFunctions|debugSetting.controllers.warden.mergeClientCommands": false,
  "debugFunctions|debugSetting.controllers.warden.mergeClientCommands@ModuleFontStyle": "Default",
  "debugFunctions|debugSetting.controllers.warden.mergeClientCommands@FunctionFontStyle": "Default",
  "debugFunctions|debugSetting.controllers.warden.mergeClientCommands@MessageFontStyle": "Default",
  "debugFunctions|debugSetting.controllers.warden.mergeClientCommands@DataFontStyle": "Default",
  "debugFunctions|debugSetting.controllers.warden.mergeClientCommands@ModuleFontColor": "Default",
  "debugFunctions|debugSetting.controllers.warden.mergeClientCommands@FunctionFontColor": "Default",
  "debugFunctions|debugSetting.controllers.warden.mergeClientCommands@MessageFontColor": "Default",
  "debugFunctions|debugSetting.controllers.warden.mergeClientCommands@DataFontColor": "Default",
  "debugFunctions|debugSetting.controllers.warden.mergeClientCommands@ModuleFontBackgroundColor": "Default",
  "debugFunctions|debugSetting.controllers.warden.mergeClientCommands@FunctionFontBackgroundColor": "Default",
  "debugFunctions|debugSetting.controllers.warden.mergeClientCommands@MessageFontBackgroundColor": "Default",
  "debugFunctions|debugSetting.controllers.warden.mergeClientCommands@DataFontBackgroundColor": "Default",
  "debugFunctions|debugSetting.controllers.warden.loadCommandAliases": false,
  "debugFunctions|debugSetting.controllers.warden.loadCommandAliases@ModuleFontStyle": "Default",
  "debugFunctions|debugSetting.controllers.warden.loadCommandAliases@FunctionFontStyle": "Default",
  "debugFunctions|debugSetting.controllers.warden.loadCommandAliases@MessageFontStyle": "Default",
  "debugFunctions|debugSetting.controllers.warden.loadCommandAliases@DataFontStyle": "Default",
  "debugFunctions|debugSetting.controllers.warden.loadCommandAliases@ModuleFontColor": "Default",
  "debugFunctions|debugSetting.controllers.warden.loadCommandAliases@FunctionFontColor": "Default",
  "debugFunctions|debugSetting.controllers.warden.loadCommandAliases@MessageFontColor": "Default",
  "debugFunctions|debugSetting.controllers.warden.loadCommandAliases@DataFontColor": "Default",
  "debugFunctions|debugSetting.controllers.warden.loadCommandAliases@ModuleFontBackgroundColor": "Default",
  "debugFunctions|debugSetting.controllers.warden.loadCommandAliases@FunctionFontBackgroundColor": "Default",
  "debugFunctions|debugSetting.controllers.warden.loadCommandAliases@MessageFontBackgroundColor": "Default",
  "debugFunctions|debugSetting.controllers.warden.loadCommandAliases@DataFontBackgroundColor": "Default",
  "debugFunctions|debugSetting.controllers.warden.loadCommandWorkflows": false,
  "debugFunctions|debugSetting.controllers.warden.loadCommandWorkflows@ModuleFontStyle": "Default",
  "debugFunctions|debugSetting.controllers.warden.loadCommandWorkflows@FunctionFontStyle": "Default",
  "debugFunctions|debugSetting.controllers.warden.loadCommandWorkflows@MessageFontStyle": "Default",
  "debugFunctions|debugSetting.controllers.warden.loadCommandWorkflows@DataFontStyle": "Default",
  "debugFunctions|debugSetting.controllers.warden.loadCommandWorkflows@ModuleFontColor": "Default",
  "debugFunctions|debugSetting.controllers.warden.loadCommandWorkflows@FunctionFontColor": "Default",
  "debugFunctions|debugSetting.controllers.warden.loadCommandWorkflows@MessageFontColor": "Default",
  "debugFunctions|debugSetting.controllers.warden.loadCommandWorkflows@DataFontColor": "Default",
  "debugFunctions|debugSetting.controllers.warden.loadCommandWorkflows@ModuleFontBackgroundColor": "Default",
  "debugFunctions|debugSetting.controllers.warden.loadCommandWorkflows@FunctionFontBackgroundColor": "Default",
  "debugFunctions|debugSetting.controllers.warden.loadCommandWorkflows@MessageFontBackgroundColor": "Default",
  "debugFunctions|debugSetting.controllers.warden.loadCommandWorkflows@DataFontBackgroundColor": "Default",
  "debugFunctions|debugSetting.controllers.warden.executeBusinessRule": false,
  "debugFunctions|debugSetting.controllers.warden.executeBusinessRule@ModuleFontStyle": "Default",
  "debugFunctions|debugSetting.controllers.warden.executeBusinessRule@FunctionFontStyle": "Default",
  "debugFunctions|debugSetting.controllers.warden.executeBusinessRule@MessageFontStyle": "Default",
  "debugFunctions|debugSetting.controllers.warden.executeBusinessRule@DataFontStyle": "Default",
  "debugFunctions|debugSetting.controllers.warden.executeBusinessRule@ModuleFontColor": "Default",
  "debugFunctions|debugSetting.controllers.warden.executeBusinessRule@FunctionFontColor": "Default",
  "debugFunctions|debugSetting.controllers.warden.executeBusinessRule@MessageFontColor": "Default",
  "debugFunctions|debugSetting.controllers.warden.executeBusinessRule@DataFontColor": "Default",
  "debugFunctions|debugSetting.controllers.warden.executeBusinessRule@ModuleFontBackgroundColor": "Default",
  "debugFunctions|debugSetting.controllers.warden.executeBusinessRule@FunctionFontBackgroundColor": "Default",
  "debugFunctions|debugSetting.controllers.warden.executeBusinessRule@MessageFontBackgroundColor": "Default",
  "debugFunctions|debugSetting.controllers.warden.executeBusinessRule@DataFontBackgroundColor": "Default",
  "debugFunctions|debugSetting.controllers.warden.enqueueCommand": false,
  "debugFunctions|debugSetting.controllers.warden.enqueueCommand@ModuleFontStyle": "Default",
  "debugFunctions|debugSetting.controllers.warden.enqueueCommand@FunctionFontStyle": "Default",
  "debugFunctions|debugSetting.controllers.warden.enqueueCommand@MessageFontStyle": "Default",
  "debugFunctions|debugSetting.controllers.warden.enqueueCommand@DataFontStyle": "Default",
  "debugFunctions|debugSetting.controllers.warden.enqueueCommand@ModuleFontColor": "Default",
  "debugFunctions|debugSetting.controllers.warden.enqueueCommand@FunctionFontColor": "Default",
  "debugFunctions|debugSetting.controllers.warden.enqueueCommand@MessageFontColor": "Default",
  "debugFunctions|debugSetting.controllers.warden.enqueueCommand@DataFontColor": "Default",
  "debugFunctions|debugSetting.controllers.warden.enqueueCommand@ModuleFontBackgroundColor": "Default",
  "debugFunctions|debugSetting.controllers.warden.enqueueCommand@FunctionFontBackgroundColor": "Default",
  "debugFunctions|debugSetting.controllers.warden.enqueueCommand@MessageFontBackgroundColor": "Default",
  "debugFunctions|debugSetting.controllers.warden.enqueueCommand@DataFontBackgroundColor": "Default",
  "debugFunctions|debugSetting.controllers.warden.isCommandQueueEmpty": false,
  "debugFunctions|debugSetting.controllers.warden.isCommandQueueEmpty@ModuleFontStyle": "Default",
  "debugFunctions|debugSetting.controllers.warden.isCommandQueueEmpty@FunctionFontStyle": "Default",
  "debugFunctions|debugSetting.controllers.warden.isCommandQueueEmpty@MessageFontStyle": "Default",
  "debugFunctions|debugSetting.controllers.warden.isCommandQueueEmpty@DataFontStyle": "Default",
  "debugFunctions|debugSetting.controllers.warden.isCommandQueueEmpty@ModuleFontColor": "Default",
  "debugFunctions|debugSetting.controllers.warden.isCommandQueueEmpty@FunctionFontColor": "Default",
  "debugFunctions|debugSetting.controllers.warden.isCommandQueueEmpty@MessageFontColor": "Default",
  "debugFunctions|debugSetting.controllers.warden.isCommandQueueEmpty@DataFontColor": "Default",
  "debugFunctions|debugSetting.controllers.warden.isCommandQueueEmpty@ModuleFontBackgroundColor": "Default",
  "debugFunctions|debugSetting.controllers.warden.isCommandQueueEmpty@FunctionFontBackgroundColor": "Default",
  "debugFunctions|debugSetting.controllers.warden.isCommandQueueEmpty@MessageFontBackgroundColor": "Default",
  "debugFunctions|debugSetting.controllers.warden.isCommandQueueEmpty@DataFontBackgroundColor": "Default",
  "debugFunctions|debugSetting.controllers.warden.processCommandQueue": false,
  "debugFunctions|debugSetting.controllers.warden.processCommandQueue@ModuleFontStyle": "Default",
  "debugFunctions|debugSetting.controllers.warden.processCommandQueue@FunctionFontStyle": "Default",
  "debugFunctions|debugSetting.controllers.warden.processCommandQueue@MessageFontStyle": "Default",
  "debugFunctions|debugSetting.controllers.warden.processCommandQueue@DataFontStyle": "Default",
  "debugFunctions|debugSetting.controllers.warden.processCommandQueue@ModuleFontColor": "Default",
  "debugFunctions|debugSetting.controllers.warden.processCommandQueue@FunctionFontColor": "Default",
  "debugFunctions|debugSetting.controllers.warden.processCommandQueue@MessageFontColor": "Default",
  "debugFunctions|debugSetting.controllers.warden.processCommandQueue@DataFontColor": "Default",
  "debugFunctions|debugSetting.controllers.warden.processCommandQueue@ModuleFontBackgroundColor": "Default",
  "debugFunctions|debugSetting.controllers.warden.processCommandQueue@FunctionFontBackgroundColor": "Default",
  "debugFunctions|debugSetting.controllers.warden.processCommandQueue@MessageFontBackgroundColor": "Default",
  "debugFunctions|debugSetting.controllers.warden.processCommandQueue@DataFontBackgroundColor": "Default",
  "debugFunctions|debugSetting.controllers.warden.setConfigurationSetting": false,
  "debugFunctions|debugSetting.controllers.warden.setConfigurationSetting@ModuleFontStyle": "Default",
  "debugFunctions|debugSetting.controllers.warden.setConfigurationSetting@FunctionFontStyle": "Default",
  "debugFunctions|debugSetting.controllers.warden.setConfigurationSetting@MessageFontStyle": "Default",
  "debugFunctions|debugSetting.controllers.warden.setConfigurationSetting@DataFontStyle": "Default",
  "debugFunctions|debugSetting.controllers.warden.setConfigurationSetting@ModuleFontColor": "Default",
  "debugFunctions|debugSetting.controllers.warden.setConfigurationSetting@FunctionFontColor": "Default",
  "debugFunctions|debugSetting.controllers.warden.setConfigurationSetting@MessageFontColor": "Default",
  "debugFunctions|debugSetting.controllers.warden.setConfigurationSetting@DataFontColor": "Default",
  "debugFunctions|debugSetting.controllers.warden.setConfigurationSetting@ModuleFontBackgroundColor": "Default",
  "debugFunctions|debugSetting.controllers.warden.setConfigurationSetting@FunctionFontBackgroundColor": "Default",
  "debugFunctions|debugSetting.controllers.warden.setConfigurationSetting@MessageFontBackgroundColor": "Default",
  "debugFunctions|debugSetting.controllers.warden.setConfigurationSetting@DataFontBackgroundColor": "Default",
  "debugFunctions|debugSetting.controllers.warden.getConfigurationSetting": false,
  "debugFunctions|debugSetting.controllers.warden.getConfigurationSetting@ModuleFontStyle": "Default",
  "debugFunctions|debugSetting.controllers.warden.getConfigurationSetting@FunctionFontStyle": "Default",
  "debugFunctions|debugSetting.controllers.warden.getConfigurationSetting@MessageFontStyle": "Default",
  "debugFunctions|debugSetting.controllers.warden.getConfigurationSetting@DataFontStyle": "Default",
  "debugFunctions|debugSetting.controllers.warden.getConfigurationSetting@ModuleFontColor": "Default",
  "debugFunctions|debugSetting.controllers.warden.getConfigurationSetting@FunctionFontColor": "Default",
  "debugFunctions|debugSetting.controllers.warden.getConfigurationSetting@MessageFontColor": "Default",
  "debugFunctions|debugSetting.controllers.warden.getConfigurationSetting@DataFontColor": "Default",
  "debugFunctions|debugSetting.controllers.warden.getConfigurationSetting@ModuleFontBackgroundColor": "Default",
  "debugFunctions|debugSetting.controllers.warden.getConfigurationSetting@FunctionFontBackgroundColor": "Default",
  "debugFunctions|debugSetting.controllers.warden.getConfigurationSetting@MessageFontBackgroundColor": "Default",
  "debugFunctions|debugSetting.controllers.warden.getConfigurationSetting@DataFontBackgroundColor": "Default",
  "debugFunctions|debugSetting.controllers.warden.sleep": false,
  "debugFunctions|debugSetting.controllers.warden.sleep@ModuleFontStyle": "Default",
  "debugFunctions|debugSetting.controllers.warden.sleep@FunctionFontStyle": "Default",
  "debugFunctions|debugSetting.controllers.warden.sleep@MessageFontStyle": "Default",
  "debugFunctions|debugSetting.controllers.warden.sleep@DataFontStyle": "Default",
  "debugFunctions|debugSetting.controllers.warden.sleep@ModuleFontColor": "Default",
  "debugFunctions|debugSetting.controllers.warden.sleep@FunctionFontColor": "Default",
  "debugFunctions|debugSetting.controllers.warden.sleep@MessageFontColor": "Default",
  "debugFunctions|debugSetting.controllers.warden.sleep@DataFontColor": "Default",
  "debugFunctions|debugSetting.controllers.warden.sleep@ModuleFontBackgroundColor": "Default",
  "debugFunctions|debugSetting.controllers.warden.sleep@FunctionFontBackgroundColor": "Default",
  "debugFunctions|debugSetting.controllers.warden.sleep@MessageFontBackgroundColor": "Default",
  "debugFunctions|debugSetting.controllers.warden.sleep@DataFontBackgroundColor": "Default"
}
